日時,質問,回答,カテゴリ,最高スコア,正確性,完全性,エージェント実行回数,使用トークン数,参照資料
2026-03-18 22:44:18,解約したい,"解約は管理画面からのみ受け付けています。以下の手順で手続きを行ってください。

【手順】
1. 管理画面にログイン
2. 「契約情報」または「プラン管理」画面を開く
3. 「解約する」を選択し、画面の案内に従って手続きを完了

※電話・メールでの解約受付は行っていません。",service,0.7501,100,100,0,2498,C:\Users\User\Desktop\portfolio\data\service\解約について.pdf
2026-03-18 22:44:58,解約したい,"解約は管理画面からのみ受け付けています。以下の手順で手続きを行ってください。

【手順】
1. 管理画面にログイン
2. 「契約情報」または「プラン管理」画面を開く
3. 「解約する」を選択し、画面の案内に従って手続きを完了

※電話・メールでの解約受付は行っていません。",service,0.7501,100,100,0,2498,C:\Users\User\Desktop\portfolio\data\service\解約について.pdf
2026-03-18 22:58:49,もう使わないのでサービスを止めたい,資料に記載がありません。該当するPDF名や用語（例：解約、返金、請求など）を少し具体的に教えてください。,service,,0,0,0,0,
2026-03-18 22:59:06,もう使わないのでサービスを解約したい,資料に記載がありません。該当するPDF名や用語（例：解約、返金、請求など）を少し具体的に教えてください。,service,,0,0,0,0,
2026-03-18 22:59:14,解約したい,資料に記載がありません。該当するPDF名や用語（例：解約、返金、請求など）を少し具体的に教えてください。,service,,0,0,0,0,
2026-03-18 23:05:30,解約したい,"解約は管理画面からのみ受け付けています。以下の手順で手続きを行ってください。

【手順】
1. 管理画面にログイン
2. 「契約情報」または「プラン管理」画面を開く
3. 「解約する」を選択し、画面の案内に従って手続きを完了

注意点:
- 電話・メールのみでの解約受付は行っていません。
- 解約完了後、登録メールアドレス宛に確認メールが送信されます。",service,0.7502,80,70,0,2544,C:\Users\User\Desktop\portfolio\data\service\解約について.pdf; C:\Users\User\Desktop\portfolio\data\service\アカウント.pdf
2026-03-18 23:05:57,毎月いくら引き落とされているか確認したい,資料に記載がありません。,service,0.9885,0,0,0,2276,C:\Users\User\Desktop\portfolio\data\service\料金プラン.pdf; C:\Users\User\Desktop\portfolio\data\service\アカウント.pdf
2026-03-18 23:06:13,来月から使わないことにしたのですが手続きを教えて下さい,資料に記載がありません。,service,1.2777,0,0,0,2432,C:\Users\User\Desktop\portfolio\data\service\解約について.pdf; C:\Users\User\Desktop\portfolio\data\service\料金プラン.pdf; C:\Users\User\Desktop\portfolio\data\service\アカウント.pdf
